base_treaty,name,year,countries
663,South Africa Southern Rhodesia Customs Union,1948,"[710, 716]"
707,Bhutan India,1949,"[64, 356]"
436,European Coal and Steel Community,1951,"[56, 250, 276, 380, 442, 528]"
418,El Salvador Nicaragua Free Trade Area,1951,"[222, 558]"
695,Arab Trade Convention / Treaty on Transit Trade,1953,"[818, 368, 400, 414, 422, 682, 760]"
500,Iraq Jordan,1953,"[368, 400]"
783,Canada Portugal,1954,"[124, 620]"
784,Canada Spain,1954,"[124, 724]"
453,France Tunisia Customs Union Convention,1955,"[250, 788]"
773,Saudi Arabia Syria,1955,"[682, 760]"
1081,Australia UK,1957,"[36, 826]"
757,Lebanon Saudi Arabia,1957,"[422, 682]"
751,Iraq Saudi Arabia,1957,"[368, 682]"
189,Central American Free Trade Area (CAFTA),1958,"[188, 222, 320, 340, 558]"
729,Egypt Saudi Arabia,1958,"[818, 682]"
706,Benelux Economic Union,1958,"[56, 528, 442]"
731,Egypt Syria,1958,"[818, 760]"
779,West African Customs Union (UDAO),1959,"[686, 466, 478, 562, 854, 204, 384]"
680,Treaty of Economic Association,1960,"[320, 222, 340]"
74,Australia Canada,1960,"[36, 124]"
451,Finland USSR,1960,"[246, 643]"
422,Equatorial Customs Union,1959,"[140, 148, 266, 178, 120]"
460,Ghana Upper Volta Trade Agreement,1961,"[288, 854]"
445,EFTA Finland,1961,"[40, 208, 620, 756, 578, 752, 826, 246]"
753,Iraq Syria,1961,"[368, 760]"
776,Senegal Tunisia,1962,"[686, 788]"
533,Jordan Saudi Arabia,1962,"[400, 682]"
2,African Common Market,1962,"[12, 818, 288, 324, 466, 504]"
689,Yaounde I,1963,"[56, 276, 250, 380, 442, 528, 108, 120, 140, 148, 180, 204, 266, 384, 450, 466, 478, 562, 178, 646, 686, 706, 768, 854]"
452,France Monaco,1963,"[250, 492]"
769,Morocco Senegal,1963,"[504, 686]"
765,Mauritania Tunisia,1964,"[478, 788]"
182,Central African Customs and Economic Union (UDEAC),1964,"[140, 148, 266, 178, 120]"
664,South Africa Zimbabwe,1964,"[710, 716]"
505,Ireland UK Free Trade Area,1965,"[826, 372]"
79,Australia New Zealand Free Trade Agreement,1965,"[36, 554]"
170,Canada US Automotive Products Trade Agreement (APTA),1965,"[124, 840]"
179,Caribbean Free Trade Association (CARIFTA),1965,"[28, 52, 328]"
538,Jordan Syria,1965,"[400, 760]"
901,East African Community (EAC),1966,"[404, 800, 834]"
768,Morocco Saudi Arabia,1966,"[504, 682]"
726,Customs and Economic Union of West African States (UDEAO),1966,"[686, 466, 478, 562, 854, 204, 384]"
561,Latin American Free Trade Area (LAFTA),1960,"[32, 76, 152, 484, 600, 604, 858, 170, 218, 862, 68]"
406,Egypt Jordan,1967,"[818, 400]"
501,Iraq Lebanon,1967,"[368, 422]"
596,Malawi South Africa,1967,"[454, 710]"
682,Tripartite Agreement,1967,"[356, 818, 688]"
788,East Caribbean Common Market,1968,"[28, 212, 308, 500, 659, 662, 670]"
700,Arusha Agreement I,1968,"[56, 250, 276, 380, 442, 528, 404, 834, 800]"
333,EC Morocco Association Agreement,1969,"[56, 276, 250, 380, 442, 528, 504]"
759,Lebanon Sudan,1969,"[422, 729]"
353,EC Tunisia Association Agreement,1969,"[56, 276, 250, 380, 442, 528, 788]"
690,Yaounde II,1969,"[56, 276, 250, 380, 442, 528, 108, 120, 140, 148, 180, 204, 266, 384, 450, 466, 478, 562, 178, 646, 686, 706, 768, 854]"
61,Arusha Agreement II,1969,"[56, 250, 276, 380, 442, 528, 404, 834, 800]"
348,EC Spain,1970,"[56, 276, 250, 380, 442, 528, 724]"
314,EC Israel,1970,"[56, 276, 250, 380, 442, 528, 376]"
758,Lebanon Saudi Arabia,1971,"[422, 682]"
180,Caribbean Free Trade Association (CARIFTA),1968,"[28, 52, 328, 212, 308, 388, 500, 659, 662, 670, 780, 84]"
303,EC Egypt Agreement,1972,"[56, 276, 250, 380, 442, 528, 208, 372, 826, 818]"
117,Bhutan India,1972,"[64, 356]"
554,Kuwait UAE,1972,"[414, 784]"
321,EC Lebanon,1972,"[56, 276, 250, 380, 442, 528, 208, 372, 826, 422]"
743,Guyana Panama,1973,"[328, 591]"
356,EC Turkey Supplementary Protocol,1973,"[56, 276, 250, 380, 442, 528, 208, 372, 826, 792]"
692,Algeria Morocco,1973,"[12, 504]"
633,Nicaragua Panama,1973,"[558, 591]"
249,Costa Rica Nicaragua Panama,1961,"[188, 591]"
478,Honduras Panama,1973,"[340, 591]"
698,Argentina Uruguay,1974,"[32, 858]"
447,Finland Hungary,1974,"[246, 348]"
151,Bulgaria Finland,1974,"[246, 100]"
290,Czechoslovakia Finland,1974,"[203, 246]"
469,Guatemala Panama,1974,"[320, 591]"
29,Arab Common Market,1962,"[818, 400, 368, 760, 434]"
539,Jordan Syria,1975,"[400, 760]"
584,Lome I,1975,"[56, 276, 208, 372, 826, 250, 380, 442, 528, 44, 52, 72, 108, 120, 140, 148, 180, 231, 204, 242, 266, 270, 288, 308, 324, 624, 226, 328, 388, 404, 426, 430, 384, 454, 450, 466, 478, 480, 562, 566, 178, 646, 686, 694, 706, 729, 748, 768, 834, 776, 780, 800, 882, 854, 894]"
446,Finland German Democratic Republic,1975,"[246, 276]"
733,Faroe Islands Sweden,1975,"[234, 752]"
311,EC Greece Association Agreement,1961,"[56, 276, 250, 380, 442, 528, 208, 372, 826, 300]"
728,Egypt Morocco,1976,"[818, 504]"
365,Economic Community of the Great Lakes (CEPGL) Economic and Customs Cooperation Agreement,1976,"[108, 646, 180]"
366,Economic Community Of West African States (ECOWAS),1975,"[204, 854, 384, 270, 288, 624, 430, 466, 478, 562, 566, 686, 694, 768, 132]"
81,Australia Papua New Guinea,1976,"[36, 598]"
450,Finland Poland,1976,"[246, 616]"
338,EC Portugal,1972,"[56, 276, 250, 380, 442, 528, 208, 372, 826, 620]"
504,Iraq UAE,1977,"[368, 784]"
656,Saudi Arabia UAE,1978,"[682, 784]"
585,Lome II,1979,"[56, 276, 208, 372, 826, 250, 380, 442, 528, 44, 52, 72, 108, 120, 140, 148, 180, 132, 174, 262, 212, 231, 204, 242, 266, 270, 288, 308, 324, 624, 226, 328, 388, 404, 296, 426, 430, 384, 454, 450, 466, 478, 480, 562, 566, 178, 598, 646, 90, 686, 694, 662, 678, 690, 706, 729, 740, 748, 768, 834, 776, 780, 798, 800, 882, 854, 894]"
400,EFTA Spain,1979,"[40, 620, 756, 578, 752, 352, 724]"
532,Jordan Qatar,1980,"[400, 634]"
668,South Pacific Trade and Economic Co Operation Agreement (SPARTECA),1980,"[36, 184, 242, 296, 554, 570, 598, 90, 776, 798, 882]"
638,Organisation of Eastern Caribbean States (OECS),1981,"[28, 212, 308, 500, 659, 662, 670]"
167,Canada New Zealand,1981,"[124, 554]"
21,Algeria Tunisia,1981,"[12, 788]"
246,Costa Rica Dominican Republic,1981,"[188, 214]"
778,Uruguay Venezuela,1981,"[858, 862]"
473,Gulf Cooperation Council (GCC),1981,"[48, 414, 512, 634, 682, 784]"
496,Inter-Arab Trade Agreement,1981,"[48, 400, 784, 788, 12, 262, 682, 729, 760, 706, 368, 512, 275, 634, 414, 422, 434, 504, 478, 887]"
247,Costa Rica Mexico,1982,"[188, 484]"
792,Brazil Uruguay,1982,"[76, 858]"
772,PTA for Eastern and Southern African States,1982,"[24, 72, 108, 174, 180, 262, 231, 404, 426, 450, 454, 480, 508, 646, 690, 706, 748, 834, 800, 894, 716]"
699,Argentina Uruguay,1982,"[32, 858]"
770,Niger Tunisia,1982,"[562, 788]"
708,Bhutan India,1983,"[64, 356]"
712,Brazil Mexico,1983,"[76, 484]"
37,Argentina Costa Rica,1983,"[32, 188]"
214,Chile Peru,1983,"[152, 604]"
766,Mexico Paraguay,1983,"[484, 600]"
42,Argentina El Salvador,1983,"[32, 222]"
673,Sudan Tunisia,1983,"[729, 788]"
761,Madagascar Mauritius (under Indian Ocean Commission),1984,"[450, 480]"
230,Colombia Costa Rica,1984,"[170, 188]"
235,Colombia El Salvador,1984,"[170, 222]"
237,Colombia Honduras,1984,"[170, 340]"
238,Colombia Nicaragua,1984,"[170, 558]"
236,Colombia Guatemala,1984,"[170, 320]"
40,Argentina Ecuador,1984,"[32, 218]"
697,Argentina Uruguay,1984,"[32, 858]"
38,Argentina Cuba,1984,"[32, 192]"
586,Lome III,1984,"[56, 276, 208, 372, 826, 300, 250, 380, 442, 528, 28, 44, 52, 72, 108, 84, 120, 140, 148, 180, 132, 262, 212, 231, 204, 242, 266, 270, 288, 308, 324, 624, 226, 328, 388, 404, 296, 174, 426, 430, 384, 454, 450, 466, 478, 480, 508, 562, 566, 178, 598, 646, 659, 662, 670, 90, 686, 694, 678, 690, 706, 729, 740, 748, 768, 834, 776, 780, 798, 548, 800, 882, 854, 894, 716]"
741,Greenland Sweden,1984,"[304, 752]"
292,Dominican Republic Panama,1985,"[214, 591]"
613,Mexico Panama,1985,"[484, 591]"
217,Chile Uruguay,1985,"[152, 858]"
313,EC Iceland,1972,"[352, 620, 724]"
309,EC Finland,1972,"[246, 620, 724]"
610,Mexico Nicaragua,1985,"[484, 558]"
467,Guatemala Mexico,1985,"[320, 484]"
85,Austria EC,1972,"[40, 620, 724]"
336,EC Norway,1973,"[578, 620, 724]"
780,West African Economic Community (CEAO),1973,"[686, 466, 478, 562, 854, 384, 204]"
477,Honduras Mexico,1985,"[340, 484]"
349,EC Sweden,1972,"[752, 620, 724]"
359,EC Yugoslavia,1980,"[688, 620, 724]"
516,Israel US,1985,"[376, 840]"
471,Guatemala Venezuela,1985,"[320, 862]"
463,Greenland Iceland,1985,"[304, 352]"
635,Nicaragua Venezuela,1986,"[558, 862]"
419,El Salvador Panama,1970,"[222, 591]"
615,Mexico Uruguay,1986,"[484, 858]"
525,Jordan Kuwait,1986,"[400, 414]"
480,Honduras Venezuela,1986,"[340, 862]"
251,Costa Rica Venezuela,1986,"[188, 862]"
48,Argentina Venezuela,1986,"[32, 862]"
601,Mauritania Morocco,1986,"[478, 504]"
32,Argentina Brazil,1986,"[32, 76]"
144,Brazil Uruguay,1986,"[76, 858]"
417,El Salvador Mexico,1986,"[222, 484]"
293,EC,1957,"[56, 276, 250, 380, 442, 528, 208, 372, 826, 300, 724, 620]"
421,El Salvador Venezuela,1986,"[222, 862]"
274,Cuba Uruguay,1987,"[192, 858]"
767,Mexico Peru,1987,"[484, 604]"
647,Protocol on Trade Negotiations (PTN),1971,"[76, 152, 818, 356, 376, 484, 604, 410, 586, 608, 788, 792, 858, 688, 724]"
372,Ecuador Mexico,1987,"[218, 484]"
271,Cuba Peru,1987,"[192, 604]"
169,Canada US,1988,"[124, 840]"
33,Argentina Brazil,1988,"[32, 76]"
77,Australia New Zealand (ANZCERTA),1983,"[36, 554]"
231,Colombia Cuba,1988,"[170, 192]"
137,Botswana Zimbabwe,1988,"[72, 716]"
411,Egypt Morocco,1988,"[818, 504]"
46,Argentina Peru,1988,"[32, 604]"
36,Argentina Colombia,1988,"[32, 170]"
553,Kuwait Tunisia,1988,"[414, 788]"
681,Trinidad and Tobago Venezuela,1989,"[780, 862]"
587,Lome IV,1989,"[56, 276, 208, 724, 372, 826, 300, 250, 380, 442, 528, 620, 24, 28, 44, 52, 72, 108, 84, 120, 140, 148, 180, 132, 262, 212, 214, 231, 204, 242, 266, 270, 288, 308, 324, 624, 226, 328, 332, 388, 404, 296, 174, 426, 430, 384, 454, 450, 466, 478, 480, 508, 562, 566, 178, 598, 646, 659, 662, 670, 90, 686, 694, 678, 690, 706, 729, 740, 748, 768, 834, 776, 780, 798, 548, 800, 882, 854, 894, 716]"
45,Argentina Paraguay,1989,"[32, 600]"
43,Argentina Mexico,1986,"[32, 484]"
30,Arab Maghreb Union,1989,"[12, 434, 478, 504, 788]"
19,Algeria Morocco,1989,"[12, 504]"
536,Jordan Sudan,1966,"[400, 729]"
476,Guyana Venezuela,1990,"[328, 862]"
762,Malawi South Africa,1990,"[454, 710]"
709,Bhutan India,1990,"[64, 356]"
34,Argentina Brazil,1990,"[32, 76]"
408,Egypt Libya,1990,"[818, 434]"
574,Libya Morocco,1990,"[434, 504]"
669,Southern Africa Customs Union (SACU),1969,"[516, 72, 426, 748, 710]"
491,India Nepal,1991,"[356, 524]"
80,Australia Papua New Guinea,1991,"[36, 598]"
211,Chile Mexico,1991,"[152, 484]"
35,Argentina Chile,1991,"[32, 152]"
430,Estonia Sweden,1991,"[233, 752]"
126,Bolivia Uruguay,1991,"[68, 858]"
370,Economic Cooperation Organization (ECO) Preferences,1991,"[364, 586, 792]"
580,Lithuania Sweden,1991,"[440, 752]"
790,El Salvador Guatemala,1991,"[222, 320]"
560,Laos Thailand,1991,"[418, 764]"
413,Egypt Syria,1991,"[818, 760]"
636,North American Free Trade Agreement (NAFTA),1992,"[124, 484, 840]"
49,Argentina Venezuela,1992,"[32, 862]"
287,Czech Republic Slovakia,1992,"[203, 703]"
279,Czech and Slovak Republic EFTA,1992,"[203, 703, 40, 246, 752, 438, 352, 578, 756]"
57,Armenia Russia,1992,"[51, 643]"
546,Kazakhstan Russia,1992,"[398, 643]"
31,Argentina Bolivia,1992,"[32, 68]"
653,Russia Turkmenistan,1992,"[643, 795]"
652,Russia Tajikistan,1992,"[643, 762]"
448,Finland Latvia,1992,"[246, 428]"
655,Russia Uzbekistan,1992,"[643, 860]"
442,Faroe Islands Sweden,1992,"[234, 752]"
114,Belarus Ukraine,1992,"[112, 804]"
440,Faroe Islands Norway,1992,"[234, 578]"
732,Faroe Islands Finland,1992,"[234, 246]"
438,Faroe Islands Iceland,1992,"[234, 352]"
138,Brazil Cuba,1989,"[76, 192]"
564,Latvia Norway,1992,"[428, 578]"
725,Cross Border Initiative,1992,"[108, 174, 404, 450, 454, 480, 516, 646, 690, 748, 834, 800, 894, 716]"
178,Caribbean Community (CARICOM) Venezuela,1992,"[28, 52, 44, 84, 212, 308, 328, 388, 500, 659, 662, 670, 780, 862]"
568,Latvia Sweden,1992,"[428, 752]"
581,Lithuania Switzerland,1992,"[440, 756]"
425,Estonia Finland,1992,"[233, 246]"
569,Latvia Switzerland,1992,"[428, 756]"
576,Lithuania Norway,1992,"[440, 578]"
107,Belarus Russia,1992,"[112, 643]"
526,Jordan Lebanon,1992,"[400, 422]"
431,Estonia Switzerland,1992,"[233, 756]"
427,Estonia Norway,1992,"[233, 578]"
449,Finland Lithuania,1992,"[246, 440]"
90,Azerbaijan Russia,1992,"[31, 643]"
556,Kyrgyzstan Russia,1992,"[417, 643]"
528,Jordan Libya,1992,"[400, 434]"
142,Brazil Peru,1993,"[76, 604]"
701,Austria Faroe Islands,1993,"[40, 234]"
666,"South Asian Association for Regional Cooperation, Preferential Trading Arrangement (SAPTA)",1993,"[50, 64, 356, 586, 462, 524, 144]"
620,Moldova Turkmenistan,1993,"[498, 795]"
618,Moldova Russia,1993,"[498, 643]"
305,EC Estonia,1993,"[56, 276, 250, 380, 442, 528, 208, 372, 826, 300, 724, 620, 40, 246, 752, 233]"
219,Chile Venezuela,1993,"[152, 862]"
240,Colombia Panama,1993,"[170, 591]"
654,Russia Ukraine,1993,"[643, 804]"
98,Baltic Free Trade Area (BAFTA) industrial,1993,"[233, 428, 440]"
41,Argentina Ecuador,1993,"[32, 218]"
288,Czech Republic Slovenia,1993,"[203, 705]"
106,Belarus Moldova,1993,"[112, 498]"
659,Slovakia Slovenia,1993,"[705, 703]"
119,Bolivia Chile,1993,"[68, 152]"
200,Chile Colombia,1993,"[152, 170]"
56,Armenia Moldova,1993,"[51, 498]"
572,Lebanon Syria,1993,"[422, 760]"
373,Ecuador Paraguay,1994,"[218, 600]"
329,EC Malta,1970,"[470, 40, 246, 752]"
325,EC Lithuania,1994,"[56, 276, 250, 380, 442, 528, 208, 372, 826, 300, 724, 620, 40, 246, 752, 440]"
548,Kazakhstan Ukraine,1994,"[398, 804]"
315,EC Israel,1975,"[376, 40, 246, 752]"
327,EC Maastricht,1992,"[56, 276, 250, 380, 442, 528, 208, 372, 826, 300, 724, 620, 40, 246, 752]"
317,EC Jordan,1977,"[400, 40, 246, 752]"
352,EC Tunisia,1976,"[788, 40, 246, 752]"
302,EC Egypt,1977,"[818, 40, 246, 752]"
617,Moldova Romania,1994,"[498, 642]"
337,EC Poland,1991,"[616, 40, 246, 752]"
345,EC Slovenia,1993,"[705, 40, 246, 752]"
322,EC Lebanon,1977,"[422, 40, 246, 752]"
340,EC Romania,1993,"[642, 40, 246, 752]"
308,EC Faroe Islands,1991,"[234, 40, 246, 752]"
319,EC Latvia,1994,"[56, 276, 250, 380, 442, 528, 208, 372, 826, 300, 724, 620, 40, 246, 752, 428]"
344,EC Slovakia,1993,"[703, 40, 246, 752]"
332,EC Morocco,1976,"[504, 40, 246, 752]"
312,EC Hungary,1991,"[348, 40, 246, 752]"
529,Jordan Morocco,1994,"[400, 504]"
286,Czech Republic Romania,1994,"[203, 642]"
392,EFTA Poland,1992,"[438, 352, 578, 756, 616, 40, 246, 752]"
248,Costa Rica Mexico,1994,"[188, 484]"
744,Honduras Mexico,1994,"[340, 484]"
649,Romania Slovakia,1994,"[642, 703]"
402,EFTA Turkey,1991,"[438, 352, 578, 756, 792, 40, 246, 752]"
232,Colombia Cuba,1994,"[170, 192]"
443,Faroe Islands Switzerland,1994,"[234, 756]"
118,Bolivia Brazil,1994,"[68, 76]"
124,Bolivia Mexico,1994,"[68, 484]"
125,Bolivia Paraguay,1994,"[68, 600]"
487,Hungary Slovenia,1994,"[348, 705]"
145,Brazil Venezuela,1994,"[76, 862]"
203,Chile Ecuador,1994,"[152, 218]"
684,Turkmenistan Ukraine,1994,"[795, 804]"
149,Bulgaria EFTA,1993,"[100, 438, 352, 578, 756, 40, 246, 752]"
686,Ukraine Uzbekistan,1994,"[804, 860]"
172,Caribbean Community (CARICOM) Colombia,1994,"[28, 52, 44, 84, 212, 308, 328, 388, 500, 659, 662, 670, 780, 170]"
63,Association of Caribbean States,1994,"[28, 44, 52, 84, 188, 170, 192, 212, 214, 222, 308, 328, 320, 332, 340, 388, 558, 591, 659, 662, 670, 740, 780, 484, 862]"
60,Armenia Ukraine,1994,"[51, 804]"
393,EFTA Romania,1992,"[438, 352, 578, 756, 642, 40, 246, 752]"
191,Central Asian Economic Community,1994,"[398, 417, 860]"
272,Cuba Peru,1994,"[192, 604]"
374,Ecuador Uruguay,1994,"[218, 858]"
16,Algeria EC,1976,"[12, 40, 246, 752]"
278,Cyprus EC,1972,"[196, 40, 246, 752]"
280,Czech Republic EC,1991,"[203, 40, 246, 752]"
510,Israel PLO,1994,"[376, 275]"
55,Armenia Kyrgyzstan,1994,"[51, 417]"
455,Georgia Russia,1994,"[268, 643]"
380,EFTA Hungary,1993,"[438, 352, 578, 756, 348, 40, 246, 752]"
58,Armenia Tajikistan,1994,"[51, 762]"
382,EFTA Israel,1992,"[438, 352, 578, 756, 376, 40, 246, 752]"
433,Estonia Ukraine,1995,"[233, 804]"
158,Bulgaria Slovakia,1995,"[100, 703]"
531,Jordan PLO,1995,"[400, 275]"
147,Bulgaria Czech Republic,1995,"[100, 203]"
326,EC Lithuania Europe Agreement,1995,"[56, 276, 250, 380, 442, 528, 208, 372, 826, 300, 724, 620, 40, 246, 752, 440]"
459,Georgia Uzbekistan,1995,"[268, 860]"
547,Kazakhstan Tajikistan,1995,"[398, 762]"
120,Bolivia Cuba,1995,"[68, 192]"
545,Kazakhstan Moldova,1995,"[398, 498]"
65,Association of Southeast Asian Nations (ASEAN) Preferential Trading Arrangements (PTA),1977,"[96, 360, 458, 608, 702, 764]"
544,Kazakhstan Kyrgyzstan,1995,"[398, 417]"
583,Lithuania Ukraine,1995,"[440, 804]"
763,Malawi Zimbabwe,1995,"[454, 716]"
122,Bolivia MERCOSUR,1995,"[68, 32, 76, 600, 858]"
89,Azerbaijan Moldova,1995,"[31, 498]"
92,Azerbaijan Ukraine,1995,"[31, 804]"
555,Kyrgyzstan Moldova,1995,"[417, 498]"
558,Kyrgyzstan Ukraine,1995,"[417, 804]"
52,Armenia Georgia,1995,"[51, 268]"
736,Fiji Tonga,1995,"[242, 776]"
59,Armenia Turkmenistan,1995,"[51, 795]"
53,Armenia Iran,1995,"[51, 364]"
458,Georgia Ukraine,1995,"[268, 804]"
385,EFTA Latvia,1995,"[438, 352, 578, 756, 428]"
306,EC Estonia Europe Agreement,1995,"[56, 276, 250, 380, 442, 528, 208, 372, 826, 300, 724, 620, 40, 246, 752, 233]"
377,EFTA Estonia,1995,"[438, 352, 578, 756, 233]"
264,Cuba Ecuador,1995,"[192, 218]"
388,EFTA Lithuania,1995,"[438, 352, 578, 756, 440]"
623,Moldova Uzbekistan,1995,"[498, 860]"
678,Tajikistan Uzbekistan,1995,"[762, 860]"
685,Turkmenistan Uzbekistan,1995,"[795, 860]"
622,Moldova Ukraine,1995,"[498, 804]"
320,EC Latvia Europe Agreement,1995,"[56, 276, 250, 380, 442, 528, 208, 372, 826, 300, 724, 620, 40, 246, 752, 428]"
398,EFTA Slovenia,1995,"[438, 352, 578, 756, 705]"
285,Czech Republic Lithuania,1995,"[203, 440]"
276,Cuba Venezuela,1995,"[192, 862]"
579,Lithuania Slovenia,1996,"[440, 705]"
671,Southern African Development Community (SADC),1992,"[72, 426, 480, 454, 508, 516, 748, 834, 894, 716, 710]"
603,Melanesian Spearhead Group (MSG),1993,"[598, 90, 548, 242]"
513,Israel Slovakia,1996,"[376, 703]"
444,Fiji Papua New Guinea,1996,"[242, 598]"
559,Kyrgyzstan Uzbekistan,1996,"[417, 860]"
405,Egypt Jordan,1996,"[818, 400]"
97,Baltic Free Trade Area (BAFTA) agriculture,1996,"[233, 428, 440]"
284,Czech Republic Latvia,1996,"[203, 428]"
93,Azerbaijan Uzbekistan,1996,"[31, 860]"
91,Azerbaijan Turkmenistan,1996,"[31, 795]"
346,EC Slovenia Europe Agreement,1996,"[56, 276, 250, 380, 442, 528, 208, 372, 826, 300, 724, 620, 40, 246, 752, 705]"
86,Azerbaijan Georgia,1996,"[31, 268]"
283,Czech Republic Israel,1996,"[203, 376]"
457,Georgia Turkmenistan,1996,"[268, 795]"
515,Israel Turkey,1996,"[376, 792]"
428,Estonia Slovakia,1996,"[233, 703]"
159,Bulgaria Slovenia,1996,"[100, 705]"
777,South Africa Zimbabwe,1996,"[710, 716]"
429,Estonia Slovenia,1996,"[233, 705]"
577,Lithuania Poland,1996,"[440, 616]"
282,Czech Republic Estonia,1996,"[203, 233]"
567,Latvia Slovenia,1996,"[428, 705]"
578,Lithuania Slovakia,1996,"[440, 703]"
591,Macedonia Serbia and Montenegro,1996,"[807, 688]"
592,Macedonia Slovenia,1996,"[807, 705]"
27,Andean Community (consolidated),1996,"[68, 170, 218, 604, 862]"
566,Latvia Slovakia,1996,"[428, 703]"
454,Georgia Kazakhstan,1997,"[268, 398]"
511,Israel Poland,1997,"[376, 616]"
262,Croatia Slovenia,1997,"[191, 705]"
18,Algeria Jordan,1997,"[12, 400]"
300,EC Amsterdam,1997,"[56, 276, 250, 380, 442, 528, 208, 372, 826, 300, 724, 620, 40, 246, 752]"
611,Mexico Nicaragua,1997,"[484, 558]"
258,Croatia Macedonia,1997,"[191, 807]"
3,African Economic Community,1991,"[12, 24, 204, 72, 854, 108, 120, 132, 140, 174, 178, 384, 262, 818, 231, 226, 266, 288, 270, 324, 624, 404, 426, 430, 434, 450, 454, 466, 478, 480, 508, 516, 562, 566, 646, 732, 678, 686, 690, 694, 706, 729, 748, 834, 148, 768, 788, 800, 894, 716, 180, 710]"
23,Andean Community Sucre Protocol,1997,"[68, 170, 218, 604, 862]"
549,Kazakhstan Uzbekistan,1997,"[398, 860]"
582,Lithuania Turkey,1997,"[440, 792]"
424,Estonia Faroe Islands,1997,"[233, 234]"
688,West African Economic and Monetary Union,1994,"[204, 854, 384, 466, 562, 686, 768, 624]"
171,Caribbean Community (CARICOM),1973,"[28, 52, 44, 84, 212, 308, 328, 388, 500, 659, 662, 670, 780, 740]"
198,Chad Morocco,1997,"[148, 504]"
705,Belarus Kazakhstan,1997,"[112, 398]"
289,Czech Republic Turkey,1997,"[203, 792]"
432,Estonia Turkey,1997,"[233, 792]"
488,Hungary Turkey,1997,"[348, 792]"
391,EFTA Morocco,1997,"[438, 352, 578, 756, 504]"
565,Latvia Poland,1997,"[428, 616]"
711,Bosnia and Herzegovina Macedonia,1997,"[70, 807]"
87,Azerbaijan Kazakhstan,1997,"[31, 398]"
740,Georgia Moldova,1997,"[268, 498]"
650,Romania Turkey,1997,"[642, 792]"
742,Guinea Morocco,1997,"[324, 504]"
481,Hungary Israel,1997,"[348, 376]"
99,Baltic Free Trade Area (BAFTA) Non Tariff Barriers,1997,"[233, 428, 440]"
660,Slovakia Turkey,1997,"[703, 792]"
494,India Sri Lanka,1998,"[356, 144]"
404,Egypt Jordan,1998,"[818, 400]"
483,Hungary Lithuania,1998,"[348, 440]"
407,Egypt Lebanon,1998,"[818, 422]"
414,Egypt Tunisia,1998,"[818, 788]"
441,Faroe Islands Poland,1998,"[234, 616]"
435,Eurasian Economic Community (Union of the Five),1996,"[112, 398, 643, 417, 762]"
410,Egypt Morocco,1998,"[818, 504]"
426,Estonia Hungary,1998,"[233, 348]"
514,Israel Slovenia,1998,"[376, 705]"
412,Egypt PLO,1998,"[818, 275]"
571,Latvia Ukraine,1995,"[428, 804]"
212,Chile Mexico,1998,"[152, 484]"
717,Commonwealth of Independent States (CIS) Common Agrarian Market (CAM),1998,"[51, 112, 268, 417, 398, 498, 643, 762, 804, 860]"
723,Cook Islands Fiji,1998,"[184, 242]"
215,Chile Peru,1998,"[152, 604]"
661,Slovenia Turkey,1998,"[705, 792]"
791,Estonia Poland,1998,"[233, 616]"
570,Latvia Turkey,1998,"[428, 792]"
727,Ecuador Peru,1998,"[218, 604]"
108,Belarus Russia,1995,"[112, 398, 643, 417, 762]"
175,Caribbean Community (CARICOM) Dominican Republic,1998,"[28, 52, 44, 84, 212, 308, 328, 388, 500, 659, 662, 670, 780, 740, 214]"
552,Kuwait Lebanon,1998,"[414, 422]"
540,Jordan Tunisia,1998,"[400, 788]"
113,Belarus Tajikistan,1998,"[112, 762]"
184,Central America Dominican Republic,1998,"[188, 222, 320, 340, 558, 214]"
160,Bulgaria Turkey,1998,"[100, 792]"
530,Jordan Morocco,1998,"[400, 504]"
275,Cuba Uruguay,1999,"[192, 858]"
266,Cuba Guatemala,1999,"[192, 320]"
625,Morocco Tunisia,1999,"[504, 788]"
64,Association of Southeast Asian Nations (ASEAN) FTA,1992,"[96, 360, 458, 608, 702, 764, 704, 418, 104, 116]"
54,Armenia Kazakhstan,1999,"[51, 398]"
646,Poland Turkey,1999,"[616, 792]"
277,Cuba Venezuela,1999,"[192, 862]"
183,Central America Chile,1999,"[188, 222, 320, 340, 558, 152]"
694,Andean Community (consolidated),1999,"[170, 218, 862]"
730,Egypt Saudi Arabia,1999,"[818, 682]"
482,Hungary Latvia,1999,"[348, 428]"
109,Belarus Russia (Union State),1999,"[112, 643]"
105,Belarus Kyrgyzstan,1999,"[112, 417]"
155,Bulgaria Macedonia,1999,"[100, 807]"
139,Brazil Cuba,1999,"[76, 192]"
715,Chile Cuba,1999,"[152, 192]"
593,Macedonia Turkey,1999,"[807, 792]"
39,Argentina Cuba,1999,"[32, 192]"
363,Economic Community of Central African States (ECCAS-CEEAC),1983,"[108, 120, 140, 178, 266, 226, 646, 678, 148, 180, 24]"
676,Syria UAE,2000,"[760, 784]"
233,Colombia Cuba,2000,"[170, 192]"
687,US Vietnam,2000,"[840, 704]"
651,Russia Serbia and Montenegro,2000,"[643, 688]"
174,Caribbean Community (CARICOM) Cuba,2000,"[28, 52, 44, 84, 212, 308, 328, 388, 500, 659, 662, 670, 780, 740, 192]"
129,Bosnia and Herzegovina Croatia,2000,"[70, 191]"
50,Armenia Belarus,2000,"[51, 112]"
389,EFTA Macedonia,2000,"[438, 352, 578, 756, 807]"
468,Guatemala Mexico,2000,"[320, 484]"
542,Jordan UAE,2000,"[400, 784]"
543,Jordan US,2000,"[400, 840]"
557,Kyrgyzstan Tajikistan,2000,"[417, 762]"
573,Lebanon UAE,2000,"[422, 784]"
367,Economic Community Of West African States (ECOWAS),1993,"[204, 854, 132, 384, 270, 288, 624, 430, 466, 562, 566, 686, 694, 768, 478]"
612,Mexico Northern Triangle,2000,"[484, 222, 320, 340]"
390,EFTA Mexico,2000,"[438, 352, 578, 756, 484]"
273,Cuba Peru,2000,"[192, 604]"
270,Cuba Paraguay,2000,"[192, 600]"
268,Cuba Mexico,1985,"[192, 484]"
265,Cuba Ecuador,2000,"[192, 218]"
121,Bolivia Cuba,2000,"[68, 192]"
509,Israel Mexico,2000,"[376, 484]"
631,New Zealand Singapore,2000,"[554, 702]"
24,Andean Countries Argentina,2000,"[170, 218, 604, 862, 32]"
755,Iraq Yemen,2001,"[368, 887]"
575,Libya Tunisia,2001,"[434, 788]"
255,Croatia EFTA,2001,"[191, 438, 352, 578, 756]"
154,Bulgaria Lithuania,2001,"[100, 440]"
94,Bahrain Jordan,2001,"[48, 400]"
152,Bulgaria Israel,2001,"[100, 376]"
150,Bulgaria Estonia,2001,"[100, 233]"
100,Bangkok Agreement,1975,"[356, 50, 410, 418, 144, 156]"
140,Brazil Guyana,2001,"[76, 328]"
524,Jordan Kuwait,2001,"[400, 414]"
135,Bosnia and Herzegovina Slovenia,2001,"[70, 705]"
537,Jordan Syria,2001,"[400, 760]"
774,Saudi Arabia Syria,2001,"[682, 760]"
474,Gulf Cooperation Council (GCC),2001,"[48, 414, 512, 634, 682, 784]"
512,Israel Romania,2001,"[376, 642]"
163,Canada Costa Rica,2001,"[124, 188]"
747,Iraq Libya,2001,"[368, 434]"
594,Macedonia Ukraine,2001,"[807, 804]"
375,EFTA,1960,"[352, 438, 578, 756]"
383,EFTA Jordan,2001,"[438, 352, 578, 756, 400]"
503,Iraq UAE,2001,"[368, 784]"
256,Croatia Hungary,2001,"[191, 348]"
754,Iraq Syria,2001,"[368, 760]"
403,Egypt Iraq,2001,"[818, 368]"
677,Tajikistan Ukraine,2001,"[762, 804]"
502,Iraq Tunisia,2001,"[368, 788]"
691,Algeria Iraq,2001,"[12, 368]"
627,Morocco UAE,2001,"[504, 784]"
752,Iraq Sudan,2002,"[368, 729]"
745,Iraq Jordan,2002,"[368, 400]"
462,Greater Arab Free Trade Agreement,1997,"[48, 818, 368, 400, 414, 422, 434, 504, 512, 634, 682, 729, 706, 760, 788, 784, 887, 275, 12]"
51,Armenia Estonia,2002,"[51, 233]"
746,Iraq Lebanon,2002,"[368, 422]"
11,Albania Macedonia,2002,"[8, 807]"
750,Iraq Qatar,2002,"[368, 634]"
7,Albania Croatia,2002,"[8, 191]"
527,Jordan Lebanon,2002,"[400, 422]"
132,Bosnia and Herzegovina Moldova,2002,"[70, 498]"
520,Japan Singapore,2002,"[392, 702]"
466,GUAM/GUUAM Organization for Democracy and Economic Development,2002,"[31, 268, 498, 804]"
263,Croatia Turkey,2002,"[191, 792]"
259,Croatia Macedonia,2002,"[191, 807]"
257,Croatia Lithuania,2002,"[191, 440]"
639,Pacific Island Countries Trade Agreement (PICTA),2001,"[184, 242, 296, 520, 570, 882, 776, 798, 548, 598, 90]"
131,Bosnia and Herzegovina Macedonia,2002,"[70, 807]"
396,EFTA Singapore,2002,"[438, 352, 578, 756, 702]"
640,Pakistan Sri Lanka,2002,"[586, 144]"
674,Syria Tunisia,2002,"[760, 788]"
177,Caribbean Community (CARICOM) revised,2001,"[28, 52, 44, 84, 212, 308, 328, 388, 500, 659, 662, 670, 740, 780, 332]"
703,Bahrain Iraq,2002,"[48, 368]"
153,Bulgaria Latvia,2002,"[100, 428]"
670,Southern Africa Customs Union (SACU),2002,"[72, 426, 516, 748, 710]"
134,Bosnia and Herzegovina Serbia and Montenegro,2002,"[70, 688]"
141,Brazil Mexico,2002,"[76, 484]"
136,Bosnia and Herzegovina Turkey,2002,"[70, 792]"
535,Jordan Sudan,2003,"[400, 729]"
976,Laos US,2003,"[840, 418]"
959,China Thailand,2003,"[156, 764]"
658,Singapore US,2003,"[702, 840]"
619,Moldova Serbia,2003,"[498, 688]"
642,Panama Taiwan,2003,"[591, 158]"
648,Romania Serbia,2003,"[642, 688]"
590,Macedonia Romania,2003,"[807, 642]"
621,Moldova Ukraine,2003,"[498, 804]"
1,Afghanistan India,2003,"[4, 356]"
242,Common Economic Zone,2003,"[112, 398, 643, 804]"
148,Bulgaria EC,1993,"[100, 196, 203, 233, 348, 428, 440, 470, 616, 703, 705]"
371,Economic Cooperation Organization Trade Agreement (ECOTA),2003,"[4, 31, 364, 398, 417, 586, 762, 792, 795, 860]"
205,Chile EFTA,2003,"[152, 438, 352, 578, 756]"
14,Albania Serbia,2003,"[8, 688]"
13,Albania Romania,2003,"[8, 642]"
12,Albania Moldova,2003,"[8, 498]"
10,Albania Kosovo,2003,"[8, 900]"
223,China Pakistan,2003,"[156, 586]"
157,Bulgaria Serbia,2003,"[100, 688]"
208,Chile Korea,2003,"[152, 410]"
5,Albania Bosnia and Herzegovina,2003,"[8, 70]"
221,China Macao,2003,"[156, 446]"
6,Albania Bulgaria,2003,"[8, 100]"
220,China Hong Kong,2003,"[156, 344]"
218,Chile US,2003,"[152, 840]"
409,Egypt Libya,2003,"[818, 434]"
47,Argentina Uruguay,2003,"[32, 858]"
128,Bosnia and Herzegovina Bulgaria,2003,"[100, 70]"
133,Bosnia and Herzegovina Romania,2003,"[70, 642]"
187,Central American Free Trade Agreement (CAFTA),2004,"[188, 222, 320, 340, 558, 840]"
260,Croatia Moldova,2004,"[191, 498]"
616,Mexico Uruguay,2004,"[484, 858]"
628,Morocco US,2004,"[504, 840]"
629,Mozambique Zimbabwe,2004,"[508, 716]"
96,Bahrain US,2004,"[48, 840]"
84,Australia US,2004,"[36, 840]"
83,Australia Thailand,2004,"[36, 764]"
156,Bulgaria Moldova,2004,"[100, 498]"
589,Macedonia Moldova,2004,"[498, 807]"
261,Croatia Serbia and Montenegro,2004,"[191, 688]"
88,Azerbaijan Kyrgyzstan,2004,"[31, 417]"
534,Jordan Singapore,2004,"[400, 702]"
626,Morocco Turkey,2004,"[504, 792]"
506,Israel Jordan,1995,"[376, 400]"
401,EFTA Tunisia,2004,"[438, 352, 578, 756, 788]"
675,Syria Turkey,2004,"[760, 792]"
683,Tunisia Turkey,2004,"[788, 792]"
4,Agadir Agreement,2004,"[818, 400, 504, 788]"
497,Iran Pakistan,2004,"[364, 586]"
518,Japan Mexico,2004,"[392, 484]"
963,Iran Sri Lanka,2004,"[144, 364]"
702,Azerbaijan Belarus,2004,"[31, 112]"
188,Central American Free Trade Agreement (CAFTA) Dominican Republic,2004,"[188, 222, 320, 340, 558, 840, 214]"
386,EFTA Lebanon,2004,"[438, 352, 578, 756, 422]"
173,Caribbean Community (CARICOM) Costa Rica,2004,"[28, 52, 44, 84, 212, 308, 328, 388, 500, 659, 662, 670, 780, 740, 188]"
254,Croatia EC,2001,"[191, 100, 642]"
595,Malawi Mozambique,2005,"[454, 508]"
771,Peru Thailand,2005,"[604, 764]"
588,Kosovo Macedonia,2005,"[807, 900]"
439,Faroe Islands Iceland,2005,"[234, 352]"
143,Brazil Suriname,2005,"[76, 740]"
493,India Singapore,2005,"[356, 702]"
760,Macedonia Serbia and Montenegro,2005,"[807, 688]"
415,Egypt Turkey,2005,"[818, 792]"
632,New Zealand Thailand,2005,"[554, 764]"
470,Guatemala Taiwan,2005,"[320, 158]"
517,Japan Malaysia,2005,"[392, 458]"
550,Korea Singapore,2005,"[410, 702]"
360,Economic and Monetary Community of Central Africa (CEMAC),1994,"[120, 140, 148, 226, 266, 178, 678, 180]"
335,EC Nice,2001,"[56, 276, 250, 380, 442, 528, 208, 372, 826, 300, 724, 620, 40, 246, 752, 233, 428, 440, 196, 470, 203, 705, 703, 348, 616, 100, 642]"
679,Trans Pacific Strategic EPA,2005,"[96, 152, 554, 702]"
384,EFTA Korea,2005,"[438, 352, 578, 756, 410]"
608,MERCOSUR Southern African Customs Union (SACU),2004,"[72, 426, 516, 748, 710, 862]"
606,MERCOSUR Peru,2005,"[604, 862]"
267,Cuba MERCOSUR,2006,"[192, 862]"
693,Andean Community Auto Agreement withdrawal Venezuela,2006,"[170, 218, 862]"
465,Group of Three Auto Agreement withdrawal Venezuela,2006,"[170, 484, 862]"
605,MERCOSUR Mexico Auto Agreement,2002,"[484, 862]"
192,Central European Free Trade Agreement (CEFTA),1992,"[8, 70, 100, 191, 807, 498, 499, 642, 688, 900]"
116,Bhutan India,2006,"[64, 356]"
115,Belize Guatemala,2006,"[84, 320]"
291,D8 PTA,2006,"[50, 818, 360, 364, 458, 566, 586, 792]"
213,Chile Panama,2006,"[152, 591]"
716,Chile Peru,2006,"[152, 604]"
206,Chile India,2006,"[152, 356]"
519,Japan Philippines,2006,"[392, 608]"
724,Croatia Kosovo,2006,"[191, 900]"
710,Bosnia and Herzegovina Kosovo,2006,"[70, 900]"
15,Albania Turkey,2006,"[8, 792]"
634,Nicaragua Taiwan,2006,"[558, 158]"
22,Andean Countries Brazil,1999,"[170, 218, 604, 76, 862]"
645,Peru US,2006,"[604, 840]"
26,Andean Group Cartagena Agreement,1969,"[68, 170, 218, 604, 152, 862]"
637,Oman US,2006,"[512, 840]"
490,India MERCOSUR,2004,"[356, 862]"
201,Chile Colombia,2006,"[152, 170]"
641,Panama Singapore,2006,"[591, 702]"
25,Andean Countries MERCOSUR,2004,"[170, 218, 862]"
764,Malawi Zimbabwe,2006,"[454, 716]"
498,Iran Syria,2006,"[364, 760]"
399,EFTA Southern African Customs Union (SACU),2006,"[352, 438, 578, 756, 72, 426, 516, 748, 710]"
123,Bolivia MERCOSUR,1996,"[68, 862]"
207,Chile Japan,2007,"[152, 392]"
146,Brunei Japan,2007,"[96, 392]"
239,Colombia Northern Triangle,2007,"[170, 222, 320, 340]"
185,Central America Panama,2002,"[591, 188]"
364,Economic Community of Central African States (ECCAS-CEEAC) PTA/FTA/CU,2004,"[24, 108, 120, 140, 178, 266, 226, 678, 148, 180, 646]"
376,EFTA Egypt,2007,"[438, 352, 578, 756, 818]"
508,Israel MERCOSUR,2007,"[376, 32, 76, 600, 858]"
495,Indonesia Japan,2007,"[360, 392]"
416,El Salvador Honduras Taiwan,2007,"[222, 340, 158]"
67,Association of Southeast Asian Nations (ASEAN) China,2004,"[96, 116, 360, 418, 458, 104, 608, 702, 764, 704, 156]"
522,Japan Thailand,2007,"[392, 764]"
456,Georgia Turkey,2007,"[268, 792]"
461,Global System of Trade Preferences (GSTP),1988,"[12, 32, 24, 50, 204, 68, 76, 120, 152, 170, 192, 408, 410, 218, 818, 288, 324, 328, 332, 356, 360, 364, 368, 434, 458, 484, 504, 508, 558, 566, 586, 604, 634, 608, 702, 144, 729, 764, 780, 788, 834, 858, 862, 704, 716, 180, 688, 642]"
72,Association of Southeast Asian Nations (ASEAN) Korea,2006,"[96, 116, 360, 418, 458, 104, 608, 702, 704, 410]"
602,Mauritius Pakistan,2007,"[480, 586]"
599,Malaysia Pakistan,2007,"[458, 586]"
434,Eurasian Economic Community (EAEC),1999,"[112, 398, 417, 643, 762, 860]"
667,South Asian Free Trade Area (SAFTA),2004,"[50, 64, 356, 462, 524, 586, 144, 4]"
204,Chile Ecuador,2008,"[152, 218]"
624,Montenegro Turkey,2008,"[499, 792]"
164,Canada EFTA,2008,"[124, 438, 352, 578, 756]"
475,Gulf Cooperation Council (GCC) Singapore,2008,"[48, 414, 512, 634, 682, 784, 702]"
672,Southern African Development Community (SADC) Seychelles accession,2008,"[72, 426, 480, 454, 508, 516, 748, 834, 894, 716, 710, 180, 24, 450, 690]"
361,Economic and Monetary Community of Central Africa (CEMAC) revised,2008,"[120, 140, 148, 226, 266, 178, 678, 180]"
71,Association of Southeast Asian Nations (ASEAN) Japan,2008,"[96, 116, 360, 418, 458, 104, 608, 702, 764, 704, 392]"
168,Canada Peru,2008,"[124, 604]"
228,China Singapore,2008,"[156, 702]"
234,Colombia EFTA,2008,"[170, 438, 352, 578, 756]"
789,MERCOSUR Southern African Customs Union (SACU),2008,"[32, 76, 600, 858, 72, 426, 516, 710, 748]"
523,Japan Vietnam,2008,"[392, 704]"
782,Uruguay Venezuela,2008,"[858, 862]"
781,Paraguay Venezuela,2008,"[600, 862]"
20,Algeria Tunisia,2008,"[12, 788]"
600,Mano River Union,1973,"[430, 694, 324, 384]"
644,Peru Singapore,2008,"[604, 702]"
162,Canada Colombia,2008,"[124, 170]"
75,Australia Chile,2008,"[36, 152]"
521,Japan Switzerland,2009,"[392, 756]"
166,Canada Jordan,2009,"[124, 400]"
394,EFTA Serbia,2009,"[438, 352, 578, 756, 688]"
499,Iraq Jordan,2009,"[368, 400]"
492,India Nepal,2009,"[356, 524]"
489,India Korea,2009,"[356, 410]"
379,EFTA Gulf Cooperation Council (GCC),2009,"[352, 438, 578, 756, 784, 48, 414, 512, 682, 634]"
112,Belarus Serbia,2009,"[112, 688]"
69,Association of Southeast Asian Nations (ASEAN) Goods,2009,"[96, 116, 360, 418, 458, 104, 608, 702, 764, 704]"
104,Belarus Kazakhstan Russia,2009,"[112, 398, 643]"
630,Namibia Zimbabwe,1992,"[516, 716]"
598,Malaysia New Zealand,2009,"[458, 554]"
70,Association of Southeast Asian Nations (ASEAN) India,2009,"[96, 116, 360, 418, 458, 104, 608, 702, 764, 704, 356]"
244,Commonwealth of Independent States (CIS),1994,"[51, 31, 112, 417, 398, 498, 643, 762, 795, 804, 860, 268]"
787,East African Community (EAC),1999,"[108, 404, 646, 834, 800]"
227,China Peru,2009,"[156, 604]"
9,Albania EFTA,2009,"[8, 438, 352, 578, 756]"
657,Serbia Turkey,2009,"[688, 792]"
541,Jordan Turkey,2009,"[400, 792]"
216,Chile Turkey,2009,"[152, 792]"
209,Chile MERCOSUR,1996,"[152, 32, 76, 600, 858]"
825,Hong Kong New Zealand,2010,"[554, 344]"
798,Canada Panama,2010,"[124, 591]"
800,Chile Malaysia,2010,"[458, 152]"
804,China Costa Rica,2010,"[156, 188]"
819,EFTA Peru,2010,"[438, 352, 578, 756, 604]"
820,EFTA Ukraine,2010,"[438, 352, 578, 756, 804]"
821,Egypt MERCOSUR,2010,"[32, 76, 600, 858, 818]"
1083,Kazakhstan Serbia,2010,"[688, 398]"
814,Costa Rica Singapore,2010,"[188, 702]"
464,Group of Three,1994,"[170, 484]"
817,EFTA Hong Kong,2011,"[438, 352, 578, 756, 344]"
837,Panama Peru,2011,"[591, 604]"
833,Montenegro Ukraine,2011,"[804, 499]"
832,Mauritius Turkey,2011,"[792, 480]"
830,Korea Peru,2011,"[604, 410]"
829,Japan Peru,2011,"[392, 604]"
827,India Malaysia,2011,"[356, 458]"
823,Guatemala Peru,2011,"[604, 320]"
818,EFTA Montenegro,2011,"[438, 352, 578, 756, 499]"
813,Costa Rica Peru,2011,"[188, 604]"
811,Commonwealth of Independent States (CIS),2011,"[51, 112, 398, 417, 643, 762, 804, 498, 860]"
803,Chile Vietnam,2011,"[152, 704]"
826,India Japan,2011,"[356, 392]"
1014,Mexico Peru,2011,"[484, 604]"
949,Central America Mexico,2011,"[188, 222, 320, 340, 558, 484]"
908,Colombia Mexico Venezuela,1994,"[170, 484]"
916,Cuba El Salvador,2011,"[192, 222]"
1064,Ecuador Guatemala,2011,"[218, 320]"
551,Korea US,2007,"[410, 840]"
795,Australia Malaysia,2012,"[458, 36]"
831,Korea Turkey,2012,"[410, 792]"
643,Panama US,2007,"[591, 840]"
971,Indonesia Pakistan,2012,"[360, 586]"
186,Central American Common Market (CACM),1960,"[222, 320, 340, 558, 591]"
858,Chile Hong Kong,2012,"[344, 152]"
836,Pacific Alliance,2012,"[152, 170, 484, 604]"
1003,Brazil Venezuela,2012,"[76, 862]"
838,Peru Venezuela,2012,"[604, 862]"
797,Canada Honduras,2013,"[124, 340]"
190,Central American Integration System,1991,"[188, 222, 320, 340, 558, 591, 84, 214]"
805,Colombia Costa Rica,2013,"[188, 170]"
193,Central European Free Trade Agreement (CEFTA) withdrawal Croatia,2013,"[8, 70, 807, 498, 499, 688, 900, 191]"
806,Colombia Israel,2013,"[170, 376]"
808,Colombia Korea,2013,"[170, 410]"
809,Colombia Panama,2013,"[170, 591]"
862,China Switzerland,2013,"[756, 156]"
834,New Zealand Taiwan,2013,"[554, 158]"
961,Singapore Taiwan,2013,"[702, 158]"
896,Panama Trinidad and Tobago,2013,"[780, 591]"
955,China Iceland,2013,"[156, 352]"
62,Asia Pacific Trade Agreement (Bangkok Agreement) amended,2005,"[50, 156, 356, 410, 418, 144, 496]"
253,Cotonou Agreement,2000,"[56, 276, 250, 380, 442, 528, 208, 372, 826, 300, 724, 620, 40, 246, 752, 196, 203, 233, 348, 428, 440, 470, 616, 703, 705, 100, 642, 191, 706]"
844,Bosnia and Herzegovina EFTA,2013,"[70, 438, 352, 578, 756]"
801,Chile Thailand,2013,"[152, 764]"
241,Colombia US,2006,"[170, 840]"
1089,Kosovo Turkey,2013,"[900, 792]"
983,Moldova Turkey,2014,"[498, 792]"
891,Mexico Panama,2014,"[484, 591]"
1097,Faroe Islands Turkey,2014,"[234, 792]"
852,Canada Korea,2014,"[410, 124]"
437,European Economic Area (EEA),1992,"[56, 208, 276, 250, 300, 724, 372, 380, 442, 528, 620, 826, 40, 246, 352, 578, 752, 438, 203, 233, 196, 428, 440, 348, 470, 703, 705, 616, 191]"
842,Australia Japan,2014,"[392, 36]"
943,Malaysia Turkey,2014,"[458, 792]"
911,Australia Korea,2014,"[36, 410]"
980,EC West African States EPA,2014,"[204, 854, 132, 384, 270, 288, 324, 624, 430, 466, 478, 562, 566, 686, 694, 768, 56, 100, 203, 191, 208, 276, 233, 372, 300, 724, 250, 380, 196, 428, 440, 442, 348, 470, 528, 40, 616, 620, 642, 705, 703, 246, 752]"
1040,Eurasian Economic Union (EAEU),2014,"[112, 398, 643]"
919,Honduras Peru,2015,"[340, 604]"
1000,Common Market for Eastern and Southern Africa (COMESA) East African Community (EAC) Southern African Development Community (SADC),2015,"[24, 72, 108, 174, 262, 180, 818, 232, 231, 404, 426, 434, 450, 454, 480, 508, 516, 646, 690, 710, 729, 748, 834, 800, 894, 716]"
864,Central America EFTA,2013,"[438, 352, 578, 756, 320]"
909,China Korea,2015,"[156, 410]"
912,Korea New Zealand,2015,"[554, 410]"
913,Korea Vietnam,2015,"[704, 410]"
915,Eurasian Economic Union (EAEU) Vietnam,2015,"[704, 112, 398, 643, 51, 417]"
840,Australia China,2015,"[36, 156]"
930,Japan Mongolia,2015,"[392, 496]"
962,Singapore Turkey,2015,"[702, 792]"
885,Guatemala Trinidad and Tobago,2015,"[320, 780]"
82,Australia Singapore,2003,"[36, 702]"
974,Chile Uruguay,2016,"[152, 858]"
899,Transpacific Partnership (TPP),2016,"[840, 36, 96, 124, 152, 392, 458, 484, 554, 604, 702, 704]"
965,EFTA Philippines,2016,"[608, 578, 352, 756, 438]"
981,EFTA Georgia,2016,"[352, 438, 578, 756, 268]"
984,Hong Kong Macao,2017,"[344, 446]"
920,Chile Indonesia,2017,"[152, 360]"
1012,Ecuador El Salvador,2017,"[218, 222]"
604,MERCOSUR,1991,"[32, 76, 600, 858, 862]"
990,China Georgia,2017,"[156, 268]"
1062,Eastern and Southern Africa States (ESA) EC Interim EPA,2009,"[40, 56, 100, 191, 196, 203, 208, 233, 246, 250, 276, 300, 348, 372, 380, 428, 440, 442, 470, 528, 616, 620, 642, 703, 705, 724, 752, 174]"
161,Canada Chile,1996,"[124, 152]"
1043,Paraguay Taiwan,2017,"[600, 158]"
895,Pacific Agreement on Closer Economic Relations (PACER) Plus,2017,"[36, 184, 583, 296, 520, 554, 570, 585, 598, 584, 882, 90, 776, 798, 548]"
993,Argentina Chile,2017,"[32, 152]"
991,China Maldives,2017,"[156, 462]"
199,Chile China,2005,"[152, 156]"
1007,US Mexico Canada Agreement (USMCA),2018,"[840, 484, 124]"
243,Common Market for Eastern and Southern Africa (COMESA),1993,"[108, 174, 180, 262, 231, 404, 450, 454, 480, 646, 729, 748, 800, 894, 716, 232, 818, 690, 728, 788, 706]"
1063,Association of Southeast Asian Nations (ASEAN) Hong Kong,2018,"[96, 116, 360, 418, 458, 104, 608, 702, 764, 704, 344]"
995,Eurasian Economic Union (EAEU) Iran,2018,"[364, 51, 112, 398, 417, 643]"
992,Australia Peru,2018,"[36, 604]"
996,Colombia MERCOSUR,2017,"[170, 32, 76, 600, 858]"
987,Singapore Sri Lanka,2018,"[702, 144]"
1013,Georgia Hong Kong,2018,"[268, 344]"
972,Ecuador EFTA,2018,"[218, 438, 352, 578, 756]"
165,Canada Israel,1996,"[124, 376]"
879,EFTA Indonesia,2018,"[360, 438, 352, 578, 756]"
1100,Turkey Venezuela,2018,"[792, 862]"
928,Israel Panama,2018,"[376, 591]"
931,Central America Korea,2018,"[410, 591, 222, 188, 558, 340]"
1041,EFTA Turkey,2018,"[352, 438, 578, 756, 792]"
1073,Brazil Chile,2018,"[76, 152]"
1084,Eurasian Economic Union (EAEU) Serbia,2019,"[51, 112, 398, 417, 643, 688]"
941,Australia Indonesia,2019,"[360, 36]"
224,China Pakistan,2006,"[156, 586]"
222,China New Zealand,2008,"[156, 554]"
1015,Australia Hong Kong,2019,"[36, 344]"
1022,Georgia UK,2019,"[826, 268]"
1023,Iceland Norway UK,2019,"[826, 352, 578]"
1037,Southern African Customs Union Mozambique (SACUM) UK,2019,"[826, 72, 748, 426, 508, 516, 710]"
1035,Eastern and Southern African States UK,2019,"[826, 174, 450, 480, 690, 894, 716]"
1047,China Mauritius,2019,"[156, 480]"
1011,Bosnia and Herzegovina Turkey,2019,"[70, 792]"
1061,Israel Ukraine,2019,"[376, 804]"
1095,Japan US,2019,"[392, 840]"
1031,Pacific States UK,2019,"[826, 242, 598, 882]"
997,EC Kazakhstan,2015,"[40, 56, 100, 191, 196, 203, 208, 233, 246, 250, 276, 300, 348, 372, 380, 428, 440, 442, 470, 528, 616, 620, 642, 703, 705, 724, 752, 826, 398]"
1051,Cote d'Ivoire UK,2020,"[384, 826]"
1052,Kenya UK,2020,"[404, 826]"
1058,Cameroon UK,2020,"[120, 826]"
1044,Regional Comprehensive Economic Partnership (RCEP),2020,"[96, 116, 360, 418, 458, 104, 608, 702, 764, 704, 36, 156, 392, 554, 410]"
1056,UK Ukraine,2020,"[826, 804]"
1046,EC UK,2020,"[40, 56, 100, 191, 196, 203, 208, 233, 246, 250, 276, 300, 348, 372, 380, 428, 440, 442, 470, 528, 616, 620, 642, 703, 705, 724, 752, 826]"
1053,Moldova UK,2020,"[498, 826]"
1048,Turkey UK,2020,"[792, 826]"
1049,Japan UK,2020,"[392, 826]"
1080,Chile Ecuador,2020,"[152, 218]"
181,CARIFORUM EC EPA,2008,"[40, 56, 100, 191, 196, 203, 208, 233, 246, 250, 276, 300, 348, 372, 380, 428, 440, 442, 470, 528, 616, 620, 642, 703, 705, 724, 752, 826, 28, 44, 52, 84, 212, 214, 308, 328, 388, 659, 662, 670, 740, 780]"
866,EC Georgia,2014,"[40, 56, 100, 191, 196, 203, 208, 233, 246, 250, 276, 300, 348, 372, 380, 428, 440, 442, 470, 528, 616, 620, 642, 703, 705, 724, 752, 826, 268]"
979,EC Pacific States EPA Fiji Papua New Guinea,2009,"[242, 598, 56, 100, 203, 191, 208, 276, 233, 372, 300, 724, 250, 380, 196, 428, 440, 442, 348, 470, 528, 40, 616, 620, 642, 705, 703, 246, 752, 826, 882, 90]"
799,Central America EC,2012,"[40, 56, 100, 191, 196, 203, 208, 233, 246, 250, 276, 300, 348, 372, 380, 428, 440, 442, 470, 528, 616, 620, 642, 703, 705, 724, 752, 826, 188, 222, 320, 340, 558, 591]"
793,EC Switzerland Bilaterals I,1999,"[40, 56, 100, 191, 196, 203, 208, 233, 246, 250, 276, 300, 348, 372, 380, 428, 440, 442, 470, 528, 616, 620, 642, 703, 705, 724, 752, 826, 756]"
347,EC South Africa,1999,"[40, 56, 100, 191, 196, 203, 208, 233, 246, 250, 276, 300, 348, 372, 380, 428, 440, 442, 470, 528, 616, 620, 642, 703, 705, 724, 752, 826, 710]"
342,EC Serbia SAA,2008,"[40, 56, 100, 191, 196, 203, 208, 233, 246, 250, 276, 300, 348, 372, 380, 428, 440, 442, 470, 528, 616, 620, 642, 703, 705, 724, 752, 826, 688]"
341,EC San Marino,1991,"[40, 56, 100, 191, 196, 203, 208, 233, 246, 250, 276, 300, 348, 372, 380, 428, 440, 442, 470, 528, 616, 620, 642, 703, 705, 724, 752, 826, 674]"
334,EC Morocco Euro-Med Association Agreement,1996,"[40, 56, 100, 191, 196, 203, 208, 233, 246, 250, 276, 300, 348, 372, 380, 428, 440, 442, 470, 528, 616, 620, 642, 703, 705, 724, 752, 826, 504]"
562,Latin American Integration Association (ALADI LAIA),1980,"[76, 600]"
17,Algeria EC Euro-Med Association Agreement,2002,"[40, 56, 100, 191, 196, 203, 208, 233, 246, 250, 276, 300, 348, 372, 380, 428, 440, 442, 470, 528, 616, 620, 642, 703, 705, 724, 752, 826, 12]"
331,EC Montenegro SAA,2007,"[40, 56, 100, 191, 196, 203, 208, 233, 246, 250, 276, 300, 348, 372, 380, 428, 440, 442, 470, 528, 616, 620, 642, 703, 705, 724, 752, 826, 499]"
350,EC Switzerland Liechtenstein,1972,"[40, 56, 100, 191, 196, 203, 208, 233, 246, 250, 276, 300, 348, 372, 380, 428, 440, 442, 470, 528, 616, 620, 642, 703, 705, 724, 752, 826, 438, 756]"
330,EC Mexico,2000,"[484, 826]"
28,Andorra EC,1990,"[40, 56, 100, 191, 196, 203, 208, 233, 246, 250, 276, 300, 348, 372, 380, 428, 440, 442, 470, 528, 616, 620, 642, 703, 705, 724, 752, 826, 20]"
324,EC Lisbon,2007,"[56, 276, 250, 380, 442, 528, 208, 372, 826, 300, 724, 620, 40, 246, 752, 233, 428, 440, 196, 470, 203, 705, 703, 348, 616, 100, 642, 191]"
323,EC Lebanon Euro-Med Association Agreement,2002,"[40, 56, 100, 191, 196, 203, 208, 233, 246, 250, 276, 300, 348, 372, 380, 428, 440, 442, 470, 528, 616, 620, 642, 703, 705, 724, 752, 826, 422]"
318,EC Jordan Euro-Med Association Agreement,1997,"[40, 56, 100, 191, 196, 203, 208, 233, 246, 250, 276, 300, 348, 372, 380, 428, 440, 442, 470, 528, 616, 620, 642, 703, 705, 724, 752, 826, 400]"
316,EC Israel Euro-Med Association Agreement,1995,"[40, 56, 100, 191, 196, 203, 208, 233, 246, 250, 276, 300, 348, 372, 380, 428, 440, 442, 470, 528, 616, 620, 642, 703, 705, 724, 752, 826, 376]"
307,EC Faroe Islands,1996,"[40, 56, 100, 191, 196, 203, 208, 233, 246, 250, 276, 300, 348, 372, 380, 428, 440, 442, 470, 528, 616, 620, 642, 703, 705, 724, 752, 826, 234]"
304,EC Egypt Euro-Med Association Agreement,2001,"[818, 826]"
130,Bosnia and Herzegovina EC SAA,2008,"[40, 56, 100, 191, 196, 203, 208, 233, 246, 250, 276, 300, 348, 372, 380, 428, 440, 442, 470, 528, 616, 620, 642, 703, 705, 724, 752, 826, 70]"
252,Cote d'Ivoire EC EPA,2008,"[40, 56, 100, 191, 196, 203, 208, 233, 246, 250, 276, 300, 348, 372, 380, 428, 440, 442, 470, 528, 616, 620, 642, 703, 705, 724, 752, 826, 384]"
202,Chile EC,2002,"[40, 56, 100, 191, 196, 203, 208, 233, 246, 250, 276, 300, 348, 372, 380, 428, 440, 442, 470, 528, 616, 620, 642, 703, 705, 724, 752, 826, 152]"
328,EC Macedonia SAA,2001,"[40, 56, 100, 191, 196, 203, 208, 233, 246, 250, 276, 300, 348, 372, 380, 428, 440, 442, 470, 528, 616, 620, 642, 703, 705, 724, 752, 826, 807]"
815,EC Korea,2010,"[40, 56, 100, 191, 196, 203, 208, 233, 246, 250, 276, 300, 348, 372, 380, 428, 440, 442, 470, 528, 616, 620, 642, 703, 705, 724, 752, 826, 410]"
810,Colombia EC Peru,2012,"[40, 56, 100, 191, 196, 203, 208, 233, 246, 250, 276, 300, 348, 372, 380, 428, 440, 442, 470, 528, 616, 620, 642, 703, 705, 724, 752, 826, 170, 604, 218]"
351,EC Syria,1977,"[40, 56, 100, 191, 196, 203, 208, 233, 246, 250, 276, 300, 348, 372, 380, 428, 440, 442, 470, 528, 616, 620, 642, 703, 705, 724, 752, 826, 760]"
357,EC Turkey Association Agreement (Ankara Agreement),1963,"[40, 56, 100, 191, 196, 203, 208, 233, 246, 250, 276, 300, 348, 372, 380, 428, 440, 442, 470, 528, 616, 620, 642, 703, 705, 724, 752, 826, 792]"
978,EC South African Development Community (SADC) EPA,2016,"[40, 56, 100, 191, 196, 203, 208, 233, 246, 250, 276, 300, 348, 372, 380, 428, 440, 442, 470, 528, 616, 620, 642, 703, 705, 724, 752, 826, 72, 426, 508, 516, 710, 748]"
975,EC Kosovo SAA,2015,"[40, 56, 100, 191, 196, 203, 208, 233, 246, 250, 276, 300, 348, 372, 380, 428, 440, 442, 470, 528, 616, 620, 642, 703, 705, 724, 752, 826, 900]"
355,EC Turkey,1995,"[40, 56, 100, 191, 196, 203, 208, 233, 246, 250, 276, 300, 348, 372, 380, 428, 440, 442, 470, 528, 616, 620, 642, 703, 705, 724, 752, 826, 792]"
1091,Cambodia China,2020,"[116, 156]"
914,Indonesia Korea,2020,"[360, 410]"
354,EC Tunisia Euro-Med Association Agreement,1995,"[40, 56, 100, 191, 196, 203, 208, 233, 246, 250, 276, 300, 348, 372, 380, 428, 440, 442, 470, 528, 616, 620, 642, 703, 705, 724, 752, 826, 788]"
877,EC Vietnam,2019,"[826, 704]"
876,EC Ukraine,2014,"[40, 56, 100, 191, 196, 203, 208, 233, 246, 250, 276, 300, 348, 372, 380, 428, 440, 442, 470, 528, 616, 620, 642, 703, 705, 724, 752, 826, 804]"
8,Albania EC SAA,2006,"[40, 56, 100, 191, 196, 203, 208, 233, 246, 250, 276, 300, 348, 372, 380, 428, 440, 442, 470, 528, 616, 620, 642, 703, 705, 724, 752, 826, 8]"
872,EC Moldova,2014,"[40, 56, 100, 191, 196, 203, 208, 233, 246, 250, 276, 300, 348, 372, 380, 428, 440, 442, 470, 528, 616, 620, 642, 703, 705, 724, 752, 826, 498]"
869,EC Japan,2018,"[40, 56, 100, 191, 196, 203, 208, 233, 246, 250, 276, 300, 348, 372, 380, 428, 440, 442, 470, 528, 616, 620, 642, 703, 705, 724, 752, 826, 392]"
867,Armenia EC,2017,"[40, 56, 100, 191, 196, 203, 208, 233, 246, 250, 276, 300, 348, 372, 380, 428, 440, 442, 470, 528, 616, 620, 642, 703, 705, 724, 752, 826, 51]"
848,Canada EC (CETA),2016,"[40, 56, 100, 191, 196, 203, 208, 233, 246, 250, 276, 300, 348, 372, 380, 428, 440, 442, 470, 528, 616, 620, 642, 703, 705, 724, 752, 826, 124]"
1072,Cambodia Korea,2021,"[116, 410]"
1067,Albania UK,2021,"[8, 826]"
1066,Ghana UK,2021,"[288, 826]"
1076,Israel Korea,2021,"[376, 410]"
933,India Mauritius,2021,"[356, 480]"
1036,CARIFORUM UK,2019,"[826, 740]"
1082,Iceland Liechtenstein Norway UK,2021,"[826, 352, 438, 578]"
1018,Australia UK,2021,"[826, 36]"
1090,Chile Paraguay,2021,"[152, 600]"
1078,Serbia UK,2021,"[688, 826]"
1096,Israel UAE,2022,"[376, 784]"
1088,Pacific Alliance Singapore,2022,"[152, 170, 484, 604, 702]"
1098,Pakistan Uzbekistan,2022,"[586, 860]"
1092,India UAE,2022,"[356, 784]"
1030,New Zealand UK,2022,"[826, 554]"
904,Turkey Ukraine,2022,"[804, 792]"
936,Australia India,2022,"[356, 36]"
953,Pakistan Turkey,2022,"[586, 792]"
874,EC Singapore,2018,"[702, 826]"
966,EC New Zealand,2023,"[554, 40, 56, 100, 191, 196, 203, 208, 233, 246, 250, 276, 300, 348, 372, 380, 428, 440, 442, 470, 528, 616, 620, 642, 703, 705, 724, 752, 826]"
1105,Korea Philippines,2023,"[410, 608]"
1104,China Nicaragua,2023,"[156, 558]"
1103,EC Kenya,2023,"[40, 56, 100, 191, 196, 203, 208, 233, 246, 250, 276, 300, 348, 372, 380, 428, 440, 442, 470, 528, 616, 620, 642, 703, 705, 724, 752, 404]"
1102,EFTA Moldova,2023,"[352, 438, 578, 756, 498]"
1101,Lebanon Turkey,2023,"[422, 792]"
1099,China Ecuador,2023,"[156, 218]"
1085,Indonesia UAE,2023,"[360, 784]"
66,Association of Southeast Asian Nations (ASEAN) Australia New Zealand FTA (AANZFTA),2009,"[96, 116, 360, 418, 458, 104, 608, 702, 764, 704, 36, 554]"
1106,Turkey UAE,2023,"[792, 784]"
1094,Guatemala Israel,2023,"[320, 376]"
989,Comprehensive and Progressive Agreement for Transpacific Partnership (CPTPP),2018,"[36, 96, 124, 152, 392, 458, 484, 554, 604, 702, 704, 826]"
948,Gulf Cooperation Council (GCC) Pakistan,2023,"[586, 48, 414, 512, 634, 682, 784]"
988,African Continental Free Trade Area (AfCFTA),2018,"[12, 24, 854, 120, 140, 132, 148, 384, 174, 178, 180, 262, 818, 226, 231, 266, 270, 288, 324, 404, 430, 434, 450, 454, 466, 478, 480, 504, 508, 562, 646, 678, 686, 690, 706, 728, 729, 748, 834, 768, 788, 800, 732, 716, 108, 426, 516, 694, 710, 72, 624, 894, 204, 566]"
855,Canada Ukraine,2016,"[804, 124]"
1107,China Serbia,2023,"[156, 688]"
